1,파르바,2026-04-09T15:05:49+09:00,43201,https://llillilli.github.io/assets/img/scheduleIcon/파르바.PNG
1,흐니르,2026-04-09T12:19:49+09:00,43201,https://llillilli.github.io/assets/img/scheduleIcon/흐니르.PNG
1,바우티,2026-04-09T16:24:49+09:00,43201,https://llillilli.github.io/assets/img/scheduleIcon/바우티.PNG
1,야른,2026-04-09T16:23:49+09:00,43201,https://llillilli.github.io/assets/img/scheduleIcon/야른.PNG
1,셀로비아,2026-04-09T15:42:49+09:00,43201,https://llillilli.github.io/assets/img/scheduleIcon/셀로비아.PNG
1,페티,2026-04-09T11:30:49+09:00,43201,https://llillilli.github.io/assets/img/scheduleIcon/페티.PNG
1,니드호그,2026-04-09T16:28:49+09:00,43201,https://llillilli.github.io/assets/img/scheduleIcon/니드호그.PNG
0,티르,2026-04-11T22:48:49+09:00,259200,https://llillilli.github.io/assets/img/scheduleIcon/티르.PNG
1,라이노르,2026-04-09T13:05:52+09:00,43201,https://llillilli.github.io/assets/img/scheduleIcon/라이노르.PNG
1,헤르모드,2026-04-09T15:36:52+09:00,43201,https://llillilli.github.io/assets/img/scheduleIcon/헤르모드.PNG
1,브륀힐드,2026-04-09T13:44:52+09:00,43201,https://llillilli.github.io/assets/img/scheduleIcon/브륀힐드.PNG
0,수드리,2026-04-09T16:50:52+09:00,43201,https://llillilli.github.io/assets/img/scheduleIcon/수드리.PNG
1,비요른,2026-04-09T16:43:52+09:00,43201,https://llillilli.github.io/assets/img/scheduleIcon/비요른.PNG
1,스칼라니르,2026-04-09T16:44:52+09:00,43201,https://llillilli.github.io/assets/img/scheduleIcon/스칼라니르.PNG
1,라타토스크,2026-04-09T11:48:52+09:00,43201,https://llillilli.github.io/assets/img/scheduleIcon/라타토스크.PNG
0,토르,2026-04-11T15:48:52+09:00,259200,https://llillilli.github.io/assets/img/scheduleIcon/토르.PNG
1,스바르트,2026-04-09T12:18:55+09:00,86405,https://llillilli.github.io/assets/img/scheduleIcon/스바르트.PNG
1,모네가름,2026-04-09T14:14:55+09:00,86405,https://llillilli.github.io/assets/img/scheduleIcon/모네가름.PNG
0,굴베이그,2026-04-09T13:41:55+09:00,86405,https://llillilli.github.io/assets/img/scheduleIcon/굴베이그.PNG
1,두라스로르,2026-04-09T19:48:55+09:00,86405,https://llillilli.github.io/assets/img/scheduleIcon/두라스로르.PNG
1,드라우그,2026-04-09T20:04:55+09:00,86405,https://llillilli.github.io/assets/img/scheduleIcon/드라우그.PNG
0,오딘,2026-04-11T13:48:55+09:00,259200,https://llillilli.github.io/assets/img/scheduleIcon/오딘.PNG
